Modelo,Color,Año,Precio,Potencia,Tracción
Pilot,Azul,2020,40000,180,Delantera
Civic,Blanco,2018,55000,180,Trasera
Pilot,Negro,2021,55000,120,4x4
Accord,Gris,2020,55000,180,Delantera
Accord,Rojo,2017,40000,160,Delantera
Pilot,Azul,2018,45000,200,Trasera
Pilot,Gris,2018,40000,120,Delantera
CR-V,Rojo,2021,40000,180,Trasera
CR-V,Rojo,2021,35000,160,Trasera
Pilot,Gris,2018,45000,180,Delantera
Pilot,Blanco,2017,35000,140,Trasera
Accord,Azul,2019,50000,120,Trasera
CR-V,Rojo,2021,55000,200,Trasera
CR-V,Blanco,2020,45000,200,Trasera
Civic,Rojo,2019,35000,140,Delantera
Pilot,Negro,2018,40000,180,Delantera
Civic,Blanco,2019,45000,140,Trasera
Civic,Rojo,2017,45000,200,Delantera
CR-V,Gris,2019,40000,140,4x4
CR-V,Rojo,2018,55000,120,4x4
Accord,Blanco,2017,55000,120,Delantera
CR-V,Negro,2017,50000,120,Delantera
Accord,Azul,2019,45000,140,4x4
Civic,Rojo,2021,40000,200,Trasera
Civic,Gris,2018,40000,140,Trasera
Accord,Rojo,2021,35000,180,Delantera
Civic,Gris,2019,45000,140,4x4
CR-V,Azul,2021,35000,180,Trasera
CR-V,Blanco,2019,45000,200,Trasera
Accord,Gris,2018,50000,180,Delantera
Civic,Gris,2017,35000,140,Trasera
Pilot,Gris,2020,40000,120,Trasera
Pilot,Gris,2018,40000,200,Delantera
CR-V,Blanco,2021,55000,120,4x4
Pilot,Gris,2020,40000,160,Delantera
Civic,Azul,2017,55000,160,Delantera
Civic,Gris,2021,50000,200,Trasera
Pilot,Rojo,2018,55000,180,Trasera
CR-V,Rojo,2018,50000,120,Delantera
Pilot,Blanco,2018,50000,120,Delantera
Civic,Azul,2021,35000,200,4x4
Pilot,Blanco,2017,40000,180,Trasera
CR-V,Blanco,2017,50000,120,Trasera
CR-V,Negro,2020,35000,120,Trasera
Civic,Rojo,2021,35000,180,Delantera
Civic,Rojo,2017,35000,160,Delantera
Pilot,Rojo,2018,55000,200,4x4
Accord,Gris,2018,55000,120,4x4
Civic,Gris,2021,35000,140,4x4
CR-V,Blanco,2019,45000,180,Delantera
Accord,Gris,2019,50000,140,4x4
Accord,Rojo,2018,55000,160,Trasera
Pilot,Blanco,2019,35000,140,Trasera
Civic,Azul,2017,35000,200,Delantera
Pilot,Blanco,2018,50000,140,4x4
CR-V,Gris,2020,40000,160,4x4
Pilot,Gris,2017,55000,160,Trasera
Accord,Azul,2018,55000,180,Delantera
Civic,Azul,2017,50000,120,4x4
Civic,Rojo,2018,50000,180,Delantera
Accord,Gris,2021,55000,180,4x4
Civic,Azul,2020,50000,160,Delantera
Accord,Azul,2021,40000,200,Delantera
CR-V,Azul,2018,45000,140,Delantera
Civic,Gris,2018,50000,140,Delantera
Civic,Azul,2021,35000,180,4x4
Civic,Rojo,2019,45000,200,Delantera
Accord,Gris,2017,35000,160,Delantera
Pilot,Rojo,2020,55000,160,Trasera
Pilot,Gris,2019,55000,140,4x4
Civic,Rojo,2018,40000,140,Trasera
CR-V,Gris,2017,50000,140,Delantera
Civic,Blanco,2020,50000,120,Delantera
Accord,Blanco,2017,35000,200,Delantera
CR-V,Rojo,2017,40000,120,Delantera
Accord,Rojo,2017,45000,200,Trasera
CR-V,Negro,2019,50000,120,4x4
Civic,Azul,2021,55000,200,Trasera
CR-V,Blanco,2017,55000,200,Delantera
Civic,Blanco,2021,55000,160,Trasera
Civic,Azul,2021,55000,200,4x4
Accord,Gris,2017,40000,120,Trasera
Civic,Rojo,2020,55000,140,4x4
CR-V,Azul,2020,55000,120,Trasera
Civic,Azul,2018,55000,160,Trasera
Pilot,Azul,2020,55000,160,4x4
CR-V,Negro,2021,40000,180,Delantera
CR-V,Blanco,2020,35000,180,Delantera
Pilot,Rojo,2017,40000,120,4x4
Accord,Blanco,2018,55000,140,4x4
Accord,Rojo,2019,50000,160,Trasera
CR-V,Blanco,2017,40000,120,4x4
Accord,Rojo,2018,50000,200,Delantera
Accord,Blanco,2019,50000,180,4x4
CR-V,Gris,2018,45000,200,Delantera
CR-V,Blanco,2017,50000,180,Delantera
Accord,Gris,2020,45000,120,Trasera
CR-V,Azul,2017,55000,180,4x4
Pilot,Gris,2021,40000,140,Trasera
Accord,Gris,2021,50000,160,Delantera
Civic,Negro,2018,40000,200,Trasera
Pilot,Azul,2018,45000,140,4x4
Pilot,Rojo,2018,55000,200,Delantera
Accord,Blanco,2019,40000,200,Trasera
Civic,Azul,2020,50000,120,Delantera
CR-V,Negro,2019,40000,120,Delantera
Civic,Azul,2021,50000,140,Delantera
Pilot,Gris,2019,55000,140,Trasera
CR-V,Blanco,2020,45000,140,Delantera
Civic,Azul,2019,45000,140,4x4
Pilot,Blanco,2019,45000,200,Delantera
Civic,Rojo,2021,45000,120,Trasera
Civic,Rojo,2021,35000,160,Delantera
Pilot,Azul,2019,35000,160,Delantera
Pilot,Negro,2020,35000,180,Delantera
Pilot,Azul,2021,55000,160,Delantera
CR-V,Blanco,2018,35000,200,Delantera
CR-V,Gris,2019,55000,140,Trasera
Civic,Blanco,2018,55000,180,Trasera
Accord,Gris,2019,35000,160,Delantera
Civic,Gris,2018,40000,140,4x4
Civic,Gris,2019,45000,200,Delantera
Pilot,Gris,2020,40000,180,Trasera
Pilot,Azul,2018,50000,200,4x4
CR-V,Gris,2021,55000,140,Trasera
Pilot,Blanco,2021,50000,120,4x4
Pilot,Azul,2021,50000,120,Delantera
Civic,Rojo,2018,35000,140,Delantera
Civic,Gris,2017,35000,120,Trasera
Pilot,Gris,2020,35000,120,Trasera
CR-V,Negro,2018,50000,160,4x4
Pilot,Blanco,2017,35000,160,Trasera
Civic,Gris,2021,40000,120,Delantera
Civic,Blanco,2017,40000,200,Delantera
Pilot,Gris,2017,50000,160,Trasera
Accord,Azul,2021,55000,160,4x4
Civic,Azul,2020,55000,120,Delantera
Pilot,Gris,2021,55000,200,4x4
Accord,Rojo,2019,50000,200,4x4
Civic,Gris,2021,50000,140,Trasera
Civic,Blanco,2021,55000,140,Delantera
Pilot,Rojo,2020,45000,140,Delantera
Accord,Rojo,2019,45000,200,4x4
CR-V,Blanco,2017,45000,160,Delantera
CR-V,Gris,2021,50000,160,4x4
Civic,Blanco,2018,50000,200,Trasera
CR-V,Gris,2021,35000,180,Trasera
CR-V,Negro,2018,40000,160,Delantera
CR-V,Gris,2017,35000,200,Trasera
Pilot,Gris,2020,45000,180,Delantera
Accord,Negro,2021,45000,140,Trasera
CR-V,Negro,2018,35000,160,Trasera
CR-V,Blanco,2020,45000,140,Delantera
Pilot,Blanco,2017,55000,200,Delantera
CR-V,Rojo,2020,55000,200,4x4
Pilot,Blanco,2021,35000,200,4x4
Pilot,Blanco,2020,35000,140,Trasera
Accord,Blanco,2018,50000,140,Trasera
Civic,Azul,2017,40000,180,Delantera
CR-V,Negro,2020,45000,160,4x4
CR-V,Blanco,2019,50000,200,Delantera
Accord,Rojo,2018,40000,140,Trasera
Pilot,Blanco,2017,55000,180,Delantera
Accord,Blanco,2017,40000,120,Delantera
Pilot,Azul,2019,50000,180,4x4
Pilot,Azul,2020,40000,180,4x4
Accord,Negro,2017,45000,200,Trasera
Pilot,Azul,2020,45000,200,4x4
CR-V,Azul,2018,55000,120,Delantera
Civic,Negro,2019,45000,140,Delantera
Pilot,Negro,2020,45000,140,Delantera
Civic,Rojo,2020,35000,200,Delantera
Accord,Azul,2020,55000,180,Delantera
Civic,Blanco,2020,40000,120,Delantera
Pilot,Azul,2021,45000,140,Trasera
Civic,Azul,2021,45000,180,Trasera
Pilot,Azul,2020,50000,160,Trasera
CR-V,Negro,2018,40000,140,Delantera
CR-V,Gris,2021,50000,160,Delantera
Accord,Blanco,2020,55000,140,Trasera
CR-V,Negro,2019,40000,180,Trasera
Pilot,Azul,2018,40000,140,Trasera
Civic,Negro,2021,55000,160,Trasera
Civic,Gris,2020,50000,120,Delantera
Accord,Negro,2018,45000,160,Delantera
Civic,Blanco,2019,40000,140,4x4
CR-V,Negro,2020,55000,120,Trasera
Accord,Azul,2019,45000,180,4x4
CR-V,Rojo,2020,55000,160,4x4
Civic,Rojo,2017,40000,200,Trasera
Pilot,Rojo,2018,35000,120,4x4
CR-V,Azul,2020,35000,180,4x4
CR-V,Azul,2020,40000,160,Delantera
CR-V,Blanco,2018,45000,120,Trasera
CR-V,Blanco,2019,40000,140,Delantera
CR-V,Azul,2020,45000,120,4x4
Civic,Gris,2019,55000,160,Trasera
Civic,Gris,2017,50000,140,4x4
Pilot,Blanco,2020,55000,180,Delantera
Pilot,Negro,2019,55000,120,Delantera
CR-V,Blanco,2021,35000,180,4x4
Pilot,Rojo,2021,40000,120,4x4
Civic,Blanco,2021,40000,180,4x4
CR-V,Negro,2020,35000,160,4x4
CR-V,Gris,2017,55000,200,4x4
Accord,Rojo,2018,35000,180,Trasera
Civic,Azul,2021,40000,180,Delantera
Pilot,Azul,2019,40000,180,Trasera
CR-V,Blanco,2017,55000,180,4x4
Civic,Negro,2019,40000,200,Trasera
CR-V,Gris,2021,45000,180,Delantera
Civic,Gris,2017,35000,120,4x4
Pilot,Azul,2021,35000,180,4x4
CR-V,Blanco,2017,45000,180,Trasera
CR-V,Gris,2017,40000,160,Delantera
Pilot,Blanco,2020,40000,140,Delantera
Accord,Negro,2021,40000,140,4x4
CR-V,Rojo,2021,55000,160,Delantera
CR-V,Gris,2020,55000,120,4x4
Pilot,Rojo,2021,45000,200,Delantera
Pilot,Blanco,2019,50000,140,Delantera
Pilot,Blanco,2019,50000,200,Trasera
Civic,Negro,2019,35000,160,Trasera
Civic,Blanco,2020,55000,140,Delantera
CR-V,Rojo,2020,40000,180,4x4
CR-V,Negro,2018,55000,180,Delantera
Pilot,Rojo,2020,35000,160,Trasera
Civic,Gris,2017,50000,140,Trasera
Accord,Gris,2021,45000,120,Trasera
Accord,Negro,2019,50000,160,Trasera
Accord,Negro,2021,50000,120,4x4
Civic,Gris,2019,40000,160,Delantera
Civic,Rojo,2017,45000,200,Trasera
Accord,Azul,2021,35000,120,Delantera
Accord,Azul,2017,55000,200,Delantera
Accord,Negro,2021,45000,180,Trasera
Accord,Blanco,2018,50000,140,Delantera
CR-V,Negro,2020,45000,140,Trasera
Pilot,Blanco,2021,45000,160,Trasera
Civic,Negro,2018,40000,160,4x4
Pilot,Negro,2019,55000,200,4x4
Accord,Blanco,2019,40000,200,Delantera
Pilot,Negro,2019,55000,180,4x4
Civic,Negro,2021,55000,140,4x4
Pilot,Azul,2020,55000,200,Trasera
Accord,Rojo,2017,40000,180,Trasera
Civic,Gris,2020,35000,180,Trasera
Pilot,Gris,2019,50000,160,4x4
CR-V,Gris,2021,55000,140,Trasera
Pilot,Azul,2019,45000,160,Delantera
Accord,Negro,2017,35000,200,Delantera
Pilot,Rojo,2017,50000,120,Trasera
Civic,Blanco,2020,55000,200,Trasera
Pilot,Blanco,2019,35000,120,Delantera
CR-V,Negro,2018,35000,120,4x4
Accord,Gris,2018,40000,120,Delantera
Pilot,Negro,2017,55000,160,4x4
Pilot,Rojo,2021,35000,200,Delantera
CR-V,Rojo,2017,55000,160,Delantera
CR-V,Blanco,2018,55000,200,4x4
CR-V,Rojo,2019,35000,160,4x4
Civic,Rojo,2017,35000,200,Delantera
CR-V,Blanco,2020,35000,140,4x4
Pilot,Negro,2020,40000,160,Trasera
Accord,Azul,2020,45000,160,4x4
CR-V,Negro,2017,55000,160,Trasera
Accord,Negro,2018,40000,200,Trasera
Pilot,Negro,2021,35000,120,4x4
Civic,Rojo,2021,50000,120,Delantera
Pilot,Blanco,2017,55000,180,Delantera
Accord,Azul,2018,35000,180,Trasera
Accord,Azul,2021,50000,180,4x4
Accord,Azul,2019,40000,140,Delantera
Accord,Negro,2018,50000,140,4x4
Civic,Blanco,2019,35000,140,4x4
Civic,Gris,2018,45000,180,Trasera
Civic,Blanco,2020,55000,200,Delantera
Civic,Rojo,2019,45000,180,4x4
Pilot,Rojo,2021,35000,120,4x4
CR-V,Negro,2020,55000,120,4x4
CR-V,Negro,2020,40000,160,Trasera
Accord,Negro,2020,40000,200,Trasera
Pilot,Blanco,2017,50000,200,Trasera
CR-V,Gris,2018,40000,160,Delantera
Civic,Negro,2017,40000,120,4x4
Civic,Blanco,2017,35000,200,Trasera
CR-V,Azul,2021,55000,180,Delantera
Civic,Gris,2018,50000,160,4x4
CR-V,Rojo,2018,50000,180,Delantera
Civic,Gris,2021,40000,180,Delantera
Civic,Gris,2017,55000,180,Trasera
Civic,Gris,2018,55000,160,4x4
Pilot,Blanco,2019,45000,200,Trasera
CR-V,Blanco,2019,35000,120,Delantera
CR-V,Blanco,2020,55000,160,Trasera
Pilot,Gris,2021,40000,160,Trasera
CR-V,Negro,2017,40000,120,Trasera
CR-V,Rojo,2018,40000,180,Delantera
Pilot,Blanco,2017,40000,160,4x4
Pilot,Negro,2020,35000,160,Delantera
CR-V,Rojo,2018,50000,180,Trasera
Pilot,Azul,2021,40000,200,Trasera
Pilot,Azul,2021,45000,140,4x4
CR-V,Rojo,2018,50000,180,Delantera
Civic,Gris,2020,45000,120,4x4
CR-V,Negro,2020,50000,180,4x4
CR-V,Gris,2019,55000,180,Delantera
CR-V,Negro,2020,35000,140,4x4
CR-V,Azul,2020,50000,120,4x4
Civic,Blanco,2017,50000,120,4x4
Accord,Negro,2018,55000,200,Delantera
Pilot,Negro,2018,35000,200,4x4
CR-V,Rojo,2018,35000,200,4x4
Pilot,Negro,2017,40000,180,Delantera
CR-V,Rojo,2019,55000,160,4x4
Civic,Blanco,2018,50000,160,4x4
Pilot,Rojo,2021,55000,160,4x4
Pilot,Gris,2017,50000,160,Delantera
Accord,Gris,2017,40000,180,Trasera
Civic,Rojo,2019,40000,120,Delantera
Civic,Rojo,2021,50000,140,Trasera
Accord,Rojo,2019,45000,120,4x4
Accord,Negro,2017,35000,160,Trasera
Civic,Blanco,2017,40000,140,Delantera
CR-V,Blanco,2019,50000,120,4x4
Accord,Gris,2020,40000,160,4x4
Civic,Gris,2020,45000,140,4x4
CR-V,Gris,2020,50000,180,4x4
Pilot,Blanco,2017,35000,200,Delantera
CR-V,Gris,2019,40000,200,4x4
Pilot,Blanco,2019,40000,200,4x4
Pilot,Rojo,2021,40000,180,Trasera
Accord,Gris,2019,50000,120,Trasera
CR-V,Blanco,2019,40000,160,Delantera
CR-V,Rojo,2021,50000,200,4x4
Civic,Blanco,2019,35000,200,Trasera
CR-V,Rojo,2019,35000,160,Trasera
Civic,Gris,2019,55000,160,Delantera
Civic,Rojo,2018,40000,180,Delantera
Pilot,Azul,2020,50000,140,Delantera
CR-V,Azul,2018,55000,120,Trasera
CR-V,Azul,2021,40000,140,Delantera
Pilot,Gris,2021,55000,120,Delantera
Pilot,Gris,2018,40000,120,Delantera
CR-V,Azul,2018,50000,120,Delantera
Civic,Rojo,2019,50000,180,Delantera
Accord,Gris,2017,55000,200,Delantera
Accord,Rojo,2020,50000,140,Trasera
Pilot,Negro,2020,50000,120,4x4
Civic,Gris,2019,45000,140,4x4
Accord,Azul,2018,45000,180,Trasera
CR-V,Gris,2021,35000,200,4x4
Accord,Azul,2019,50000,140,Delantera
Civic,Rojo,2018,35000,160,4x4
Civic,Negro,2021,50000,160,4x4
Accord,Blanco,2021,55000,200,4x4
Pilot,Gris,2021,40000,120,Trasera
Civic,Blanco,2017,40000,160,Trasera
Pilot,Negro,2019,55000,160,Delantera
CR-V,Blanco,2019,55000,180,4x4
Accord,Gris,2019,55000,120,Trasera
Pilot,Negro,2017,40000,180,Delantera
Civic,Rojo,2017,40000,180,Trasera
Accord,Gris,2020,40000,160,Trasera
Accord,Azul,2017,45000,160,Delantera
Accord,Blanco,2021,40000,140,Delantera
Accord,Negro,2017,55000,180,Delantera
CR-V,Gris,2018,55000,120,Trasera
Accord,Rojo,2021,40000,120,Trasera
Pilot,Gris,2021,50000,180,4x4
Pilot,Negro,2021,40000,120,4x4
Pilot,Gris,2018,50000,160,Delantera
CR-V,Blanco,2020,45000,140,4x4
Accord,Negro,2021,35000,160,4x4
CR-V,Gris,2021,35000,120,4x4
CR-V,Gris,2021,50000,180,4x4
Accord,Blanco,2018,50000,120,Trasera
CR-V,Rojo,2021,35000,200,Delantera
Accord,Negro,2020,45000,180,Delantera
CR-V,Blanco,2019,55000,120,4x4
Accord,Negro,2018,50000,140,Delantera
Pilot,Negro,2020,50000,180,Delantera
CR-V,Rojo,2020,35000,120,Delantera
Pilot,Gris,2017,35000,160,4x4
Civic,Azul,2019,45000,140,Trasera
Accord,Blanco,2021,35000,160,Delantera
CR-V,Negro,2021,55000,200,Delantera
Accord,Azul,2018,35000,120,4x4
Accord,Rojo,2017,35000,200,Trasera
Pilot,Blanco,2017,40000,160,Trasera
Civic,Rojo,2017,45000,120,Trasera
Accord,Negro,2019,40000,180,Trasera
Civic,Negro,2019,50000,120,Delantera
Accord,Azul,2021,50000,120,Trasera
Pilot,Rojo,2021,40000,120,Delantera
Civic,Blanco,2021,50000,180,Delantera
Pilot,Negro,2018,45000,160,Delantera
Accord,Gris,2021,55000,140,Trasera
CR-V,Blanco,2018,45000,200,4x4
CR-V,Blanco,2021,55000,160,Delantera
Accord,Negro,2020,40000,180,Trasera
Pilot,Rojo,2020,45000,180,Trasera
CR-V,Gris,2017,35000,180,Trasera
Accord,Gris,2018,45000,160,Delantera
Civic,Gris,2019,35000,120,4x4
Civic,Rojo,2019,55000,120,4x4
Pilot,Rojo,2019,50000,140,Delantera
CR-V,Rojo,2019,45000,160,4x4
Civic,Azul,2017,45000,120,Trasera
Accord,Gris,2021,35000,180,4x4
CR-V,Rojo,2019,50000,140,4x4
Accord,Rojo,2019,50000,160,Delantera
Civic,Rojo,2021,50000,120,Delantera
Civic,Azul,2020,35000,200,Delantera
Pilot,Negro,2017,55000,180,Delantera
Civic,Gris,2019,45000,140,Trasera
CR-V,Azul,2019,50000,120,4x4
Civic,Rojo,2020,50000,180,Delantera
Pilot,Negro,2018,55000,140,Delantera
CR-V,Azul,2018,55000,120,Delantera
Civic,Rojo,2019,45000,160,4x4
Pilot,Negro,2017,45000,180,Trasera
Civic,Blanco,2018,50000,160,4x4
Pilot,Blanco,2018,50000,180,Delantera
CR-V,Gris,2018,45000,200,4x4
Accord,Negro,2018,45000,180,4x4
CR-V,Negro,2017,55000,160,4x4
Pilot,Azul,2020,55000,180,Trasera
Civic,Negro,2018,40000,140,4x4
Accord,Azul,2020,55000,160,4x4
Pilot,Azul,2020,50000,160,4x4
Accord,Azul,2020,55000,180,4x4
Pilot,Blanco,2019,40000,160,Delantera
Civic,Azul,2017,55000,120,Trasera
Pilot,Azul,2021,35000,120,Delantera
Pilot,Negro,2021,40000,180,4x4
Accord,Negro,2020,35000,180,4x4
CR-V,Azul,2017,45000,120,Delantera
CR-V,Azul,2021,40000,160,Trasera
Pilot,Blanco,2018,40000,120,4x4
Accord,Gris,2017,45000,120,Delantera
Pilot,Gris,2020,35000,120,4x4
Civic,Azul,2021,35000,180,Trasera
Accord,Gris,2019,50000,160,Delantera
Pilot,Gris,2017,45000,160,Trasera
Civic,Blanco,2019,40000,160,Trasera
Pilot,Gris,2017,55000,160,Delantera
CR-V,Azul,2018,55000,120,Delantera
CR-V,Blanco,2017,40000,140,4x4
Civic,Azul,2020,50000,200,4x4
CR-V,Rojo,2020,55000,120,Trasera
Pilot,Negro,2018,40000,180,Trasera
CR-V,Rojo,2017,55000,180,4x4
CR-V,Azul,2020,35000,120,Delantera
Civic,Blanco,2019,35000,200,Delantera
Accord,Gris,2019,50000,180,4x4
Civic,Blanco,2017,35000,200,Delantera
CR-V,Rojo,2021,35000,140,Delantera
CR-V,Negro,2017,55000,120,Delantera
Accord,Rojo,2020,35000,120,Delantera
Pilot,Blanco,2019,35000,140,4x4
CR-V,Azul,2018,45000,160,4x4
Accord,Rojo,2019,50000,120,4x4
Civic,Gris,2018,40000,200,Trasera
Civic,Negro,2019,35000,180,Delantera
